step	accuracy
0	0.6134072542190552
1	0.6310483813285828
2	0.6814516186714172
3	0.6975806355476379
4	0.7121976017951965
5	0.7106854915618896
6	0.7137096524238586
7	0.6955645084381104
8	0.7253023982048035
9	0.7207661271095276
