step	accuracy
0	0.6234878897666931
1	0.65625
2	0.6849798560142517
3	0.6834677457809448
4	0.6486895084381104
5	0.7202621102333069
6	0.7333669066429138
7	0.7207661271095276
8	0.7384072542190552
9	0.7474798560142517
