step	accuracy
0	0.6421371102333069
1	0.5907257795333862
2	0.6068548560142517
3	0.6396169066429138
4	0.6859878897666931
5	0.7106854915618896
6	0.7328628897666931
7	0.7021169066429138
8	0.7041330933570862
9	0.734375
