step	loss
0	0.6456769108772278
1	0.6411387324333191
2	0.6046177744865417
3	0.5851914882659912
4	0.5753487348556519
5	0.5709599852561951
6	0.5651993155479431
7	0.5837315917015076
8	0.5516293048858643
9	0.5462567806243896
