step	loss
0	0.6397200226783752
1	0.6556553840637207
2	0.6499243974685669
3	0.6259756684303284
4	0.5864443778991699
5	0.5540736317634583
6	0.5435061454772949
7	0.5575030446052551
8	0.5624098181724548
9	0.5283210873603821
