step	loss
0	0.6408435702323914
1	0.6065784096717834
2	0.5873705744743347
3	0.5906948447227478
4	0.6415187120437622
5	0.5431253910064697
6	0.5227859616279602
7	0.5294367074966431
8	0.51007479429245
9	0.5126850008964539
