step	accuracy
0	0.5642499923706055
1	0.6183750033378601
2	0.6356250047683716
3	0.6442499756813049
4	0.6591249704360962
5	0.6759999990463257
6	0.6848750114440918
7	0.6926249861717224
8	0.6858749985694885
9	0.7095000147819519
