step	accuracy
0	0.5532500147819519
1	0.6430000066757202
2	0.656499981880188
3	0.6676250100135803
4	0.6725000143051147
5	0.6882500052452087
6	0.6834999918937683
7	0.6982499957084656
8	0.6988750100135803
9	0.7011250257492065
