step	loss
0	0.6817005276679993
1	0.6492241621017456
2	0.6280062794685364
3	0.6090136766433716
4	0.5941172242164612
5	0.5850858688354492
6	0.5952137112617493
7	0.5704519748687744
8	0.5677222609519958
9	0.5645169615745544
