step	loss
0	0.71906977891922
1	0.640835702419281
2	0.6221447587013245
3	0.6097651124000549
4	0.6049239039421082
5	0.5917919874191284
6	0.5938872694969177
7	0.5751678943634033
8	0.5753351449966431
9	0.5697939395904541
